Name,Day_of_Start_Date,Day_of_End_Date,Importance_Level
Mobile and App Marketing Amsterdam Summit,2019-04-10,2019-04-10,Low Importance
Robyn,2019-04-10,2019-04-10,Low Importance
Drug - Device Combination Products Summit,2019-04-10,2019-04-11,Low Importance
Life Insurance Forum,2019-04-10,2019-04-11,Low Importance
Process Excellence & Business Transformation Conference,2019-04-10,2019-04-11,Low Importance
VRX Conference & Expo,2019-04-10,2019-04-11,Low Importance
Annual World Retail Forum,2019-04-10,2019-04-12,Low Importance
GEO Conference,2019-04-10,2019-04-12,Low Importance
React Amsterdam Conference,2019-04-10,2019-04-12,Low Importance
The Global Engineering Procurement & Construction Project Management,2019-04-10,2019-04-12,Low Importance
Plastics Recycling Show Europe,2019-04-10,2019-04-11,High Importance
Ajax vs. Juventus,2019-04-10,2019-04-10,Medium Importance
Plastic recycling Show Europe,2019-04-10,2019-04-11,Medium Importance
